"","strain","cond","time","mean_mumax","sd_mumax","rsq_mean","mean_lag","sd_lag","well","rsq_x","row","column","media","edge","rep","y0","y0_lm","mumax","lag"
"1","kb","H",0,0.252932448987744,0.0120151504993205,0.98989136770765,5.0507227794536,1.09880846025282,"A4",0.988868901917683,"A",4,"succ",1,"a",0.013,0.00505091383696885,0.255580633983986,3.69895073031543
"2","kb","H",0,0.252932448987744,0.0120151504993205,0.98989136770765,5.0507227794536,1.09880846025282,"A7",0.996587778424842,"A",7,"succ",1,"a",0.014,0.00532304524807268,0.244183282101863,3.96018829239118
"3","kb","H",0,0.252932448987744,0.0120151504993205,0.98989136770765,5.0507227794536,1.09880846025282,"B4",0.981707823365071,"B",4,"succ",0,"b",0.02,0.00672842674883987,0.233722618508355,4.66104192682031
"4","kb","H",0,0.252932448987744,0.0120151504993205,0.98989136770765,5.0507227794536,1.09880846025282,"B7",0.992457264203631,"B",7,"succ",0,"b",0.021,0.00408118896778994,0.262222096308215,6.24712448397409
"5","kb","H",0,0.252932448987744,0.0120151504993205,0.98989136770765,5.0507227794536,1.09880846025282,"C4",0.988783899083285,"C",4,"succ",0,"c",0.02,0.00472136964612056,0.255717880629359,5.64541413073878
"6","kb","H",0,0.252932448987744,0.0120151504993205,0.98989136770765,5.0507227794536,1.09880846025282,"C7",0.990942539251388,"C",7,"succ",0,"c",0.019,0.00375483493111236,0.266168182394684,6.09161711248178
"7","kb","H",5,0.241633910691942,0.0104744551016327,0.992981001841376,14.6933834797121,1.35491813953067,"A4",0.989586808761295,"A",4,"succ",1,"a",0.025,0.000445299914649209,0.245937953541064,16.3776392590031
"8","kb","H",5,0.241633910691942,0.0104744551016327,0.992981001841376,14.6933834797121,1.35491813953067,"A7",0.996027241468411,"A",7,"succ",1,"a",0.018,0.000489573924506684,0.237476359023619,15.1787385518615
"9","kb","H",5,0.241633910691942,0.0104744551016327,0.992981001841376,14.6933834797121,1.35491813953067,"B4",0.994750163613561,"B",4,"succ",0,"b",0.018,0.00084791284527937,0.227456673375078,13.432664506278
"10","kb","H",5,0.241633910691942,0.0104744551016327,0.992981001841376,14.6933834797121,1.35491813953067,"B7",0.992953175853755,"B",7,"succ",0,"b",0.013,0.00039592848889019,0.255031031112085,13.6903772450048
"11","kb","H",5,0.241633910691942,0.0104744551016327,0.992981001841376,14.6933834797121,1.35491813953067,"C4",0.989129564850286,"C",4,"succ",0,"c",0.021,0.000377995450809041,0.250077327803658,16.0646132591806
"12","kb","H",5,0.241633910691942,0.0104744551016327,0.992981001841376,14.6933834797121,1.35491813953067,"C7",0.995439056500947,"C",7,"succ",0,"c",0.013,0.00056434037643929,0.233824119296147,13.4162680569447
"13","kb","H",10,0.243244885149189,0.00495187733200431,0.993224725203322,25.0834414879805,0.952144459002526,"A4",0.987881677917977,"A",4,"succ",1,"a",0.021,5.62212674879586e-05,0.240405450023046,24.6374722610081
"14","kb","H",10,0.243244885149189,0.00495187733200431,0.993224725203322,25.0834414879805,0.952144459002526,"A7",0.991421821242668,"A",7,"succ",1,"a",0.021,3.72855849088845e-05,0.251570150182216,25.1765597934941
"15","kb","H",10,0.243244885149189,0.00495187733200431,0.993224725203322,25.0834414879805,0.952144459002526,"B4",0.992827047312367,"B",4,"succ",0,"b",0.017,5.65074266732244e-05,0.239838058590366,23.7935404477528
"16","kb","H",10,0.243244885149189,0.00495187733200431,0.993224725203322,25.0834414879805,0.952144459002526,"B7",0.995370312726916,"B",7,"succ",0,"b",0.018,4.48379742404508e-05,0.243919461753773,24.5780782480436
"17","kb","H",10,0.243244885149189,0.00495187733200431,0.993224725203322,25.0834414879805,0.952144459002526,"C4",0.997296407990778,"C",4,"succ",0,"c",0.017,3.18687977315222e-05,0.238035315908729,26.3798722281725
"18","kb","H",10,0.243244885149189,0.00495187733200431,0.993224725203322,25.0834414879805,0.952144459002526,"C7",0.994551084029224,"C",7,"succ",0,"c",0.015,2.56238191816326e-05,0.245700874437005,25.9351259494116
"19","kb","H",15,0.247233003677813,0.00704779054124405,0.995729618188281,25.390344552528,0.329368831880278,"A4",0.994922283705382,"A",4,"succ",1,"a",0.022,5.45718510403575e-05,0.237058090811585,25.3072127203209
"20","kb","H",15,0.247233003677813,0.00704779054124405,0.995729618188281,25.390344552528,0.329368831880278,"A7",0.997726458905981,"A",7,"succ",1,"a",0.021,4.26323247649638e-05,0.241146695233672,25.7091018720544
"21","kb","H",15,0.247233003677813,0.00704779054124405,0.995729618188281,25.390344552528,0.329368831880278,"B4",0.992948969247037,"B",4,"succ",0,"b",0.02,4.12600135948453e-05,0.246912927414414,25.0436207619965
"22","kb","H",15,0.247233003677813,0.00704779054124405,0.995729618188281,25.390344552528,0.329368831880278,"B7",0.995091884475659,"B",7,"succ",0,"b",0.015,2.55969613320382e-05,0.255189593619448,24.9748892312416
"23","kb","H",15,0.247233003677813,0.00704779054124405,0.995729618188281,25.390344552528,0.329368831880278,"C4",0.996126697397052,"C",4,"succ",0,"c",0.016,2.62369091884408e-05,0.249650338751217,25.6886366196738
"24","kb","H",15,0.247233003677813,0.00704779054124405,0.995729618188281,25.390344552528,0.329368831880278,"C7",0.997561415398578,"C",7,"succ",0,"c",0.014,2.12004718276881e-05,0.253440376236543,25.6186061098811
"25","kb","H",20,0.207471466673115,0.0125457700428843,0.990882507474777,21.8288862967785,0.703564778733956,"A4",0.990563215913242,"A",4,"succ",1,"a",0.026,0.000497509043704253,0.189998957723264,20.8224199210214
"26","kb","H",20,0.207471466673115,0.0125457700428843,0.990882507474777,21.8288862967785,0.703564778733956,"A7",0.99711192764294,"A",7,"succ",1,"a",0.027,0.0002373312601787,0.209338979123545,22.6146858903374
"27","kb","H",20,0.207471466673115,0.0125457700428843,0.990882507474777,21.8288862967785,0.703564778733956,"B4",0.97727138838804,"B",4,"succ",0,"b",0.026,0.000409044904947548,0.195463096882001,21.2419988282814
"28","kb","H",20,0.207471466673115,0.0125457700428843,0.990882507474777,21.8288862967785,0.703564778733956,"B7",0.996698018412555,"B",7,"succ",0,"b",0.022,0.000200302527337996,0.212694221482935,22.0926024187354
"29","kb","H",20,0.207471466673115,0.0125457700428843,0.990882507474777,21.8288862967785,0.703564778733956,"C4",0.986425194979423,"C",4,"succ",0,"c",0.022,0.000143291053284506,0.223961000591675,22.4767697037482
"30","kb","H",20,0.207471466673115,0.0125457700428843,0.990882507474777,21.8288862967785,0.703564778733956,"C7",0.997225299512464,"C",7,"succ",0,"c",0.018,0.00017462528255519,0.213372544235269,21.724841018547
"31","kb","L",0,0.24307137121038,0.00527168062620539,0.993036729882102,4.48824386556901,1.12390562732239,"A2",0.993851128275501,"A",2,"succ",1,"a",0.014,0.00629762394856896,0.246650838679533,3.23893047619383
"32","kb","L",0,0.24307137121038,0.00527168062620539,0.993036729882102,4.48824386556901,1.12390562732239,"A5",0.989945265068978,"A",5,"succ",1,"a",0.013,0.00614790319061035,0.234904609994961,3.18783985725187
"33","kb","L",0,0.24307137121038,0.00527168062620539,0.993036729882102,4.48824386556901,1.12390562732239,"B2",0.994601887417609,"B",2,"succ",0,"b",0.016,0.00550288130790051,0.239356924737388,4.45910179612644
"34","kb","L",0,0.24307137121038,0.00527168062620539,0.993036729882102,4.48824386556901,1.12390562732239,"B5",0.990576970163939,"B",5,"succ",0,"b",0.022,0.0054720739277756,0.24860738750944,5.59671527413314
"35","kb","L",0,0.24307137121038,0.00527168062620539,0.993036729882102,4.48824386556901,1.12390562732239,"C2",0.996028904225608,"C",2,"succ",0,"c",0.016,0.00524161806900966,0.242090411736276,4.60967649141409
"36","kb","L",0,0.24307137121038,0.00527168062620539,0.993036729882102,4.48824386556901,1.12390562732239,"C5",0.993216224140979,"C",5,"succ",0,"c",0.022,0.0052086269419164,0.246818054604681,5.83719929829467
"37","kb","L",5,0.231707516031696,0.0152811715316502,0.992021418726941,10.6368921268265,0.930786560429919,"A2",0.991810677522743,"A",2,"succ",1,"a",0.011,0.000943423700051252,0.243085075703954,10.1040142105775
"38","kb","L",5,0.231707516031696,0.0152811715316502,0.992021418726941,10.6368921268265,0.930786560429919,"A5",0.993276026005735,"A",5,"succ",1,"a",0.012,0.00144123678788459,0.217482004413325,9.74519721789726
"39","kb","L",5,0.231707516031696,0.0152811715316502,0.992021418726941,10.6368921268265,0.930786560429919,"B2",0.995925271513064,"B",2,"succ",0,"b",0.011,0.00127454500922487,0.218586898588676,9.86017930306836
"40","kb","L",5,0.231707516031696,0.0152811715316502,0.992021418726941,10.6368921268265,0.930786560429919,"B5",0.986114200121625,"B",5,"succ",0,"b",0.013,0.00111553537949407,0.224798845032331,10.9236099787588
"41","kb","L",5,0.231707516031696,0.0152811715316502,0.992021418726941,10.6368921268265,0.930786560429919,"C2",0.996727932047043,"C",2,"succ",0,"c",0.013,0.00104023228364267,0.22983838339088,10.9881790949408
"42","kb","L",5,0.231707516031696,0.0152811715316502,0.992021418726941,10.6368921268265,0.930786560429919,"C5",0.988274405151433,"C",5,"succ",0,"c",0.013,0.000569024126456834,0.256453889061008,12.2001729557164
"43","kb","L",10,0.239666246391163,0.00685635050912148,0.99549644214301,15.8368833843391,0.577790855946036,"A2",0.992986984552839,"A",2,"succ",1,"a",0.012,0.000250357663733538,0.249960308536087,15.4815434540352
"44","kb","L",10,0.239666246391163,0.00685635050912148,0.99549644214301,15.8368833843391,0.577790855946036,"A5",0.998048292656488,"A",5,"succ",1,"a",0.014,0.000227319525696328,0.244867966759853,16.8272560645461
"45","kb","L",10,0.239666246391163,0.00685635050912148,0.99549644214301,15.8368833843391,0.577790855946036,"B2",0.997647263093008,"B",2,"succ",0,"b",0.013,0.000306628480376412,0.236179035670705,15.8653699838037
"46","kb","L",10,0.239666246391163,0.00685635050912148,0.99549644214301,15.8368833843391,0.577790855946036,"B5",0.989046458608669,"B",5,"succ",0,"b",0.012,0.000350819608838147,0.233438168570229,15.1320145886316
"47","kb","L",10,0.239666246391163,0.00685635050912148,0.99549644214301,15.8368833843391,0.577790855946036,"C2",0.99821317332747,"C",2,"succ",0,"c",0.013,0.000272958582922533,0.240921204710465,16.035884298011
"48","kb","L",10,0.239666246391163,0.00685635050912148,0.99549644214301,15.8368833843391,0.577790855946036,"C5",0.997036480619584,"C",5,"succ",0,"c",0.013,0.000338739868994055,0.232630794099636,15.6792319170066
"49","kb","L",15,0.248841787327545,0.00543985503924567,0.991446264854903,19.4102031111557,0.432151585540157,"A2",0.99291229154338,"A",2,"succ",1,"a",0.015,0.000104393858542967,0.251101353588805,19.7833845241542
"50","kb","L",15,0.248841787327545,0.00543985503924567,0.991446264854903,19.4102031111557,0.432151585540157,"A5",0.994405096080296,"A",5,"succ",1,"a",0.017,0.000134545869349312,0.241382931241281,20.0472478364456
"51","kb","L",15,0.248841787327545,0.00543985503924567,0.991446264854903,19.4102031111557,0.432151585540157,"B2",0.986466496470063,"B",2,"succ",0,"b",0.013,0.000130159410742708,0.243506883653554,18.9068359450151
"52","kb","L",15,0.248841787327545,0.00543985503924567,0.991446264854903,19.4102031111557,0.432151585540157,"B5",0.984129961352085,"B",5,"succ",0,"b",0.012,9.09724328977796e-05,0.256153642118346,19.0592855247441
"53","kb","L",15,0.248841787327545,0.00543985503924567,0.991446264854903,19.4102031111557,0.432151585540157,"C2",0.996777613349428,"C",2,"succ",0,"c",0.015,0.000118955918122938,0.250225152634561,19.3308004435793
"54","kb","L",15,0.248841787327545,0.00543985503924567,0.991446264854903,19.4102031111557,0.432151585540157,"C5",0.993986130334164,"C",5,"succ",0,"c",0.015,0.00011782821779337,0.250680760728724,19.3336643929961
"55","kb","L",20,0.203692853344483,0.0141943697882659,0.985630555666275,19.8252348016766,1.37503976418596,"A2",0.959327451598624,"A",2,"succ",1,"a",0.023,0.00100593439228029,0.176347404698077,17.7466596015835
"56","kb","L",20,0.203692853344483,0.0141943697882659,0.985630555666275,19.8252348016766,1.37503976418596,"A5",0.997170585100341,"A",5,"succ",1,"a",0.028,0.000234131426855215,0.21695374793347,22.0511386588602
"57","kb","L",20,0.203692853344483,0.0141943697882659,0.985630555666275,19.8252348016766,1.37503976418596,"B2",0.995779348025244,"B",2,"succ",0,"b",0.022,0.000358313137074981,0.205833129849302,20.0035361008253
"58","kb","L",20,0.203692853344483,0.0141943697882659,0.985630555666275,19.8252348016766,1.37503976418596,"B5",0.984230893111943,"B",5,"succ",0,"b",0.02,0.000374951249316538,0.204467196928688,19.4490441331095
"59","kb","L",20,0.203692853344483,0.0141943697882659,0.985630555666275,19.8252348016766,1.37503976418596,"C2",0.98473397956424,"C",2,"succ",0,"c",0.023,0.000385552898019728,0.206430744853381,19.8060182119603
"60","kb","L",20,0.203692853344483,0.0141943697882659,0.985630555666275,19.8252348016766,1.37503976418596,"C5",0.992541076597257,"C",5,"succ",0,"c",0.021,0.000308601360082137,0.21212489580398,19.8950121037208
"61","kb","M",0,0.240810089714858,0.0160472517192544,0.993205687851796,4.81020522920354,1.57574810648089,"A3",0.994339838804748,"A",3,"succ",1,"a",0.012,0.00799356178997805,0.216334756370034,1.87797011993879
"62","kb","M",0,0.240810089714858,0.0160472517192544,0.993205687851796,4.81020522920354,1.57574810648089,"A6",0.9902309757341,"A",6,"succ",1,"a",0.015,0.00473666985234309,0.255038606866653,4.51977012134337
"63","kb","M",0,0.240810089714858,0.0160472517192544,0.993205687851796,4.81020522920354,1.57574810648089,"B3",0.990847894986349,"B",3,"succ",0,"b",0.025,0.00644990581917244,0.226641243470227,5.97777472053004
"64","kb","M",0,0.240810089714858,0.0160472517192544,0.993205687851796,4.81020522920354,1.57574810648089,"B6",0.992214831527987,"B",6,"succ",0,"b",0.022,0.00487778051308217,0.248995145497092,6.04972497290154
"65","kb","M",0,0.240810089714858,0.0160472517192544,0.993205687851796,4.81020522920354,1.57574810648089,"C3",0.997614664648913,"C",3,"succ",0,"c",0.016,0.00510004230815802,0.242344695596158,4.71782509625012
"66","kb","M",0,0.240810089714858,0.0160472517192544,0.993205687851796,4.81020522920354,1.57574810648089,"C6",0.993985921408681,"C",6,"succ",0,"c",0.019,0.00440796288448294,0.255506090488986,5.7181663442574
"67","kb","M",5,0.245775697320811,0.0115739525412193,0.99196615676377,11.5402763863932,1.07540324836142,"A3",0.990838632946812,"A",3,"succ",1,"a",0.011,0.00110321717075639,0.231858899095696,9.91837997114529
"68","kb","M",5,0.245775697320811,0.0115739525412193,0.99196615676377,11.5402763863932,1.07540324836142,"A6",0.993991321050261,"A",6,"succ",1,"a",0.013,0.000668417861607221,0.249175737026448,11.9104337868709
"69","kb","M",5,0.245775697320811,0.0115739525412193,0.99196615676377,11.5402763863932,1.07540324836142,"B3",0.987873873971014,"B",3,"succ",0,"b",0.012,0.00101285201333385,0.23313962038391,10.6036739643425
"70","kb","M",5,0.245775697320811,0.0115739525412193,0.99196615676377,11.5402763863932,1.07540324836142,"B6",0.990824066641071,"B",6,"succ",0,"b",0.012,0.000591607550492666,0.252653358009501,11.9128376479668
"71","kb","M",5,0.245775697320811,0.0115739525412193,0.99196615676377,11.5402763863932,1.07540324836142,"C3",0.995614418735331,"C",3,"succ",0,"c",0.012,0.00062224310700044,0.246003448090347,12.0296324628646
"72","kb","M",5,0.245775697320811,0.0115739525412193,0.99196615676377,11.5402763863932,1.07540324836142,"C6",0.992654627238133,"C",6,"succ",0,"c",0.012,0.000413171287490605,0.261823121318963,12.8667004851689
"73","kb","M",10,0.239875321608755,0.00520844940372723,0.993510529347551,18.1469069408375,0.773705658995986,"A3",0.990794657028849,"A",3,"succ",1,"a",0.012,0.000201469605546026,0.236365523207185,17.2911148134799
"74","kb","M",10,0.239875321608755,0.00520844940372723,0.993510529347551,18.1469069408375,0.773705658995986,"A6",0.995638004583309,"A",6,"succ",1,"a",0.013,0.000168189704349481,0.243911227500615,17.8245673480996
"75","kb","M",10,0.239875321608755,0.00520844940372723,0.993510529347551,18.1469069408375,0.773705658995986,"B3",0.995792888119093,"B",3,"succ",0,"b",0.011,0.000184370436227008,0.234212913442956,17.4572081340668
"76","kb","M",10,0.239875321608755,0.00520844940372723,0.993510529347551,18.1469069408375,0.773705658995986,"B6",0.984687739240713,"B",6,"succ",0,"b",0.014,0.000141759028472658,0.248009771002184,18.5181573956963
"77","kb","M",10,0.239875321608755,0.00520844940372723,0.993510529347551,18.1469069408375,0.773705658995986,"C3",0.996183549885132,"C",3,"succ",0,"c",0.013,0.00016488880587743,0.236908949779858,18.4350709314688
"78","kb","M",10,0.239875321608755,0.00520844940372723,0.993510529347551,18.1469069408375,0.773705658995986,"C6",0.997966337228211,"C",6,"succ",0,"c",0.016,0.000154175986337908,0.239843544719732,19.3553230222135
"79","kb","M",15,0.238557093559706,0.0162272354875534,0.994165523703781,21.1851102095375,1.41574796385222,"A3",0.996209995258742,"A",3,"succ",1,"a",0.012,0.000158456763729476,0.227205588576818,19.0452188425959
"80","kb","M",15,0.238557093559706,0.0162272354875534,0.994165523703781,21.1851102095375,1.41574796385222,"A6",0.995436050823898,"A",6,"succ",1,"a",0.012,7.8502533025413e-05,0.251160865026414,20.0251382162335
"81","kb","M",15,0.238557093559706,0.0162272354875534,0.994165523703781,21.1851102095375,1.41574796385222,"B3",0.99061947664516,"B",3,"succ",0,"b",0.019,0.000199489902450591,0.214677670455244,21.2245205927567
"82","kb","M",15,0.238557093559706,0.0162272354875534,0.994165523703781,21.1851102095375,1.41574796385222,"B6",0.993242146010325,"B",6,"succ",0,"b",0.014,6.06768057820635e-05,0.25033424982673,21.7359434421918
"83","kb","M",15,0.238557093559706,0.0162272354875534,0.994165523703781,21.1851102095375,1.41574796385222,"C3",0.996478903720031,"C",3,"succ",0,"c",0.018,0.000100841340367366,0.23255592583331,22.2939003770749
"84","kb","M",15,0.238557093559706,0.0162272354875534,0.994165523703781,21.1851102095375,1.41574796385222,"C6",0.993006569764531,"C",6,"succ",0,"c",0.018,5.34319972637661e-05,0.25540826163972,22.785939786372
"85","kb","M",20,0.203899045608577,0.00248118750901495,0.993438262867368,21.5671440747716,0.949099012163675,"A3",0.995460601179267,"A",3,"succ",1,"a",0.027,0.000370725299298438,0.201968300698953,21.2317020787566
"86","kb","M",20,0.203899045608577,0.00248118750901495,0.993438262867368,21.5671440747716,0.949099012163675,"A6",0.995036421775397,"A",6,"succ",1,"a",0.021,0.00036276907591249,0.202388567787359,20.0530656635112
"87","kb","M",20,0.203899045608577,0.00248118750901495,0.993438262867368,21.5671440747716,0.949099012163675,"B3",0.9891640264498,"B",3,"succ",0,"b",0.024,0.000300137083899028,0.200899635743467,21.8097448335192
"88","kb","M",20,0.203899045608577,0.00248118750901495,0.993438262867368,21.5671440747716,0.949099012163675,"B6",0.997117103999276,"B",6,"succ",0,"b",0.019,0.000240111427835178,0.205857023023584,21.2336266001723
"89","kb","M",20,0.203899045608577,0.00248118750901495,0.993438262867368,21.5671440747716,0.949099012163675,"C3",0.986331143758384,"C",3,"succ",0,"c",0.028,0.000271417642092184,0.207113744733411,22.3852890391831
"90","kb","M",20,0.203899045608577,0.00248118750901495,0.993438262867368,21.5671440747716,0.949099012163675,"C6",0.997520280042085,"C",6,"succ",0,"c",0.027,0.000256843909281948,0.205167001664687,22.6894362334874
"91","wt","H",0,0.244063642168458,0.0118801787385933,0.994705650149135,6.12733324629979,0.416090368716164,"D4",0.987999609986921,"D",4,"succ",0,"a",0.021,0.00465385403348985,0.262078095775698,5.74953329290308
"92","wt","H",0,0.244063642168458,0.0118801787385933,0.994705650149135,6.12733324629979,0.416090368716164,"D7",0.99631713540506,"D",7,"succ",0,"a",0.023,0.00595552434326068,0.239858628826767,5.6332139172221
"93","wt","H",0,0.244063642168458,0.0118801787385933,0.994705650149135,6.12733324629979,0.416090368716164,"E4",0.990216388406684,"E",4,"succ",0,"b",0.022,0.0048910075908237,0.253652209831203,5.92797563563362
"94","wt","H",0,0.244063642168458,0.0118801787385933,0.994705650149135,6.12733324629979,0.416090368716164,"E7",0.998237072987444,"E",7,"succ",0,"b",0.027,0.00621063209402477,0.229768935246813,6.39587848193155
"95","wt","H",0,0.244063642168458,0.0118801787385933,0.994705650149135,6.12733324629979,0.416090368716164,"F4",0.99676805210612,"F",4,"succ",1,"c",0.027,0.00532464128176317,0.243101994306207,6.67823201631222
"96","wt","H",0,0.244063642168458,0.0118801787385933,0.994705650149135,6.12733324629979,0.416090368716164,"F7",0.99869564200258,"F",7,"succ",1,"c",0.025,0.00555051248018848,0.23592198902406,6.37916613379618
"97","wt","H",5,0.237438265267602,0.00482531249134277,0.995682135465615,7.04162596031165,0.480816057592245,"D4",0.991758000904002,"D",4,"succ",0,"a",0.018,0.00381009393332066,0.23633201024851,6.57007027111507
"98","wt","H",5,0.237438265267602,0.00482531249134277,0.995682135465615,7.04162596031165,0.480816057592245,"D7",0.996953666427978,"D",7,"succ",0,"a",0.02,0.00321609851721313,0.240469135435171,7.59999110046858
"99","wt","H",5,0.237438265267602,0.00482531249134277,0.995682135465615,7.04162596031165,0.480816057592245,"E4",0.989957799360694,"E",4,"succ",0,"b",0.021,0.0032691236186813,0.245389545855412,7.57978702299668
"100","wt","H",5,0.237438265267602,0.00482531249134277,0.995682135465615,7.04162596031165,0.480816057592245,"E7",0.998511302791936,"E",7,"succ",0,"b",0.017,0.00374436285624631,0.231600119359995,6.53264720927375
"101","wt","H",5,0.237438265267602,0.00482531249134277,0.995682135465615,7.04162596031165,0.480816057592245,"F4",0.998464179702504,"F",4,"succ",1,"c",0.017,0.00341594689464384,0.235943654881685,6.80144848616461
"102","wt","H",5,0.237438265267602,0.00482531249134277,0.995682135465615,7.04162596031165,0.480816057592245,"F7",0.998447863606576,"F",7,"succ",1,"c",0.019,0.00352974187439191,0.234895125824841,7.16581167185122
"103","wt","H",10,0.233002951907027,0.00296225477716375,0.996964856319852,9.07386546638539,0.968631256107162,"D4",0.993223183492423,"D",4,"succ",0,"a",0.017,0.00169277474294925,0.237050208139957,9.73145866382933
"104","wt","H",10,0.233002951907027,0.00296225477716375,0.996964856319852,9.07386546638539,0.968631256107162,"D7",0.998256357012922,"D",7,"succ",0,"a",0.014,0.00187727696693109,0.229447943644854,8.75682297552177
"105","wt","H",10,0.233002951907027,0.00296225477716375,0.996964856319852,9.07386546638539,0.968631256107162,"E4",0.994111459151022,"E",4,"succ",0,"b",0.015,0.00182795886030726,0.233521006246734,9.01353701517509
"106","wt","H",10,0.233002951907027,0.00296225477716375,0.996964856319852,9.07386546638539,0.968631256107162,"E7",0.998665570532069,"E",7,"succ",0,"b",0.011,0.00192310288628321,0.229634232229012,7.59449184769779
"107","wt","H",10,0.233002951907027,0.00296225477716375,0.996964856319852,9.07386546638539,0.968631256107162,"F4",0.998888114821639,"F",4,"succ",1,"c",0.021,0.00182077451225095,0.233703265374015,10.4630992941535
"108","wt","H",10,0.233002951907027,0.00296225477716375,0.996964856319852,9.07386546638539,0.968631256107162,"F7",0.99864445290904,"F",7,"succ",1,"c",0.014,0.0017408603252248,0.234661055807587,8.88378300193486
"109","wt","H",15,0.240784405960098,0.00425054233403752,0.99741401479226,13.6841262200109,0.871581248456768,"D4",0.995408161125548,"D",4,"succ",0,"a",0.019,0.000532115608312796,0.243065344158028,14.7093510839289
"110","wt","H",15,0.240784405960098,0.00425054233403752,0.99741401479226,13.6841262200109,0.871581248456768,"D7",0.997845438047472,"D",7,"succ",0,"a",0.016,0.000630393244468291,0.233838582273466,13.8300538241198
"111","wt","H",15,0.240784405960098,0.00425054233403752,0.99741401479226,13.6841262200109,0.871581248456768,"E4",0.997256793883421,"E",4,"succ",0,"b",0.017,0.000579213224836483,0.241281891083776,14.0056012248274
"112","wt","H",15,0.240784405960098,0.00425054233403752,0.99741401479226,13.6841262200109,0.871581248456768,"E7",0.99865723595219,"E",7,"succ",0,"b",0.011,0.000613237237538072,0.237847391552346,12.1376091669795
"113","wt","H",15,0.240784405960098,0.00425054233403752,0.99741401479226,13.6841262200109,0.871581248456768,"F4",0.997447323252544,"F",4,"succ",1,"c",0.014,0.000525148097870359,0.245515278949449,13.3724153895952
"114","wt","H",15,0.240784405960098,0.00425054233403752,0.99741401479226,13.6841262200109,0.871581248456768,"F7",0.997869136492385,"F",7,"succ",1,"c",0.017,0.00055817131376649,0.243157947743526,14.0497266306143
"115","wt","H",20,0.208631521849389,0.00386277343184501,0.995045368259787,16.4608206805629,0.403448006147968,"D4",0.992904699288955,"D",4,"succ",0,"a",0.023,0.000711246170726436,0.204185016225219,17.0249069085232
"116","wt","H",20,0.208631521849389,0.00386277343184501,0.995045368259787,16.4608206805629,0.403448006147968,"D7",0.996799544782585,"D",7,"succ",0,"a",0.019,0.000571593151934897,0.208993941723683,16.7649203789689
"117","wt","H",20,0.208631521849389,0.00386277343184501,0.995045368259787,16.4608206805629,0.403448006147968,"E4",0.991228682475352,"E",4,"succ",0,"b",0.02,0.000768462057088963,0.203631744900059,16.0048540813923
"118","wt","H",20,0.208631521849389,0.00386277343184501,0.995045368259787,16.4608206805629,0.403448006147968,"E7",0.995596744071987,"E",7,"succ",0,"b",0.018,0.000580797100566739,0.210450668926802,16.3160591649706
"119","wt","H",20,0.208631521849389,0.00386277343184501,0.995045368259787,16.4608206805629,0.403448006147968,"F4",0.997876005161368,"F",4,"succ",1,"c",0.019,0.000627313267297684,0.212323964320066,16.0638872034396
"120","wt","H",20,0.208631521849389,0.00386277343184501,0.995045368259787,16.4608206805629,0.403448006147968,"F7",0.995866533778477,"F",7,"succ",1,"c",0.021,0.000621262608069231,0.212203795000508,16.5902963460827
"121","wt","L",0,0.237000089329693,0.00662437204092618,0.995547001704945,5.29249076231845,1.00282101589159,"D2",0.998404499266888,"D",2,"succ",0,"a",0.017,0.00640042659059652,0.230093323982321,4.2454456488545
"122","wt","L",0,0.237000089329693,0.00662437204092618,0.995547001704945,5.29249076231845,1.00282101589159,"D5",0.986350406345087,"D",5,"succ",0,"a",0.023,0.00561056940045159,0.246760527604621,5.71745415619679
"123","wt","L",0,0.237000089329693,0.00662437204092618,0.995547001704945,5.29249076231845,1.00282101589159,"E2",0.998730664805232,"E",2,"succ",0,"b",0.015,0.00602226566280246,0.233294258037467,3.91174075313847
"124","wt","L",0,0.237000089329693,0.00662437204092618,0.995547001704945,5.29249076231845,1.00282101589159,"E5",0.992759361898876,"E",5,"succ",0,"b",0.023,0.00541674064950942,0.24373730723151,5.93261636459434
"125","wt","L",0,0.237000089329693,0.00662437204092618,0.995547001704945,5.29249076231845,1.00282101589159,"F2",0.998390948125507,"F",2,"succ",1,"c",0.022,0.00611327252191313,0.234086785403953,5.47053615341933
"126","wt","L",0,0.237000089329693,0.00662437204092618,0.995547001704945,5.29249076231845,1.00282101589159,"F5",0.998646129788082,"F",5,"succ",1,"c",0.027,0.00592985578857361,0.234028333718284,6.47715149770729
"127","wt","L",5,0.235764974143849,0.00732962032375683,0.994825224815755,5.46903606290713,0.465512457157226,"D2",0.992063489788588,"D",2,"succ",0,"a",0.013,0.00438033966837811,0.232897945797049,4.67081443118414
"128","wt","L",5,0.235764974143849,0.00732962032375683,0.994825224815755,5.46903606290713,0.465512457157226,"D5",0.987953689994249,"D",5,"succ",0,"a",0.014,0.00328577436939321,0.249631076827296,5.80638835113602
"129","wt","L",5,0.235764974143849,0.00732962032375683,0.994825224815755,5.46903606290713,0.465512457157226,"E2",0.998476345691334,"E",2,"succ",0,"b",0.012,0.0036814275829612,0.2295665452886,5.14711776140836
"130","wt","L",5,0.235764974143849,0.00732962032375683,0.994825224815755,5.46903606290713,0.465512457157226,"E5",0.993594424538537,"E",5,"succ",0,"b",0.013,0.00329114878830028,0.237093244149821,5.79397647023932
"131","wt","L",5,0.235764974143849,0.00732962032375683,0.994825224815755,5.46903606290713,0.465512457157226,"F2",0.998651454398211,"F",2,"succ",1,"c",0.014,0.00375669511006322,0.234840772374914,5.60174328125089
"132","wt","L",5,0.235764974143849,0.00732962032375683,0.994825224815755,5.46903606290713,0.465512457157226,"F5",0.998211944483611,"F",5,"succ",1,"c",0.015,0.0039437949879006,0.230560260425416,5.79417608222405
"133","wt","L",10,0.232164242867739,0.00647573853083092,0.995746370194411,7.55054624610419,0.593500050097089,"D2",0.997826020132839,"D",2,"succ",0,"a",0.013,0.00297456972102169,0.221297354269313,6.6645621018975
"134","wt","L",10,0.232164242867739,0.00647573853083092,0.995746370194411,7.55054624610419,0.593500050097089,"D5",0.994286488174121,"D",5,"succ",0,"a",0.013,0.00262112980619791,0.230164035593927,6.95740281389713
"135","wt","L",10,0.232164242867739,0.00647573853083092,0.995746370194411,7.55054624610419,0.593500050097089,"E2",0.998869772902494,"E",2,"succ",0,"b",0.014,0.00225366355661832,0.229863982395014,7.94600428975351
"136","wt","L",10,0.232164242867739,0.00647573853083092,0.995746370194411,7.55054624610419,0.593500050097089,"E5",0.99121775013067,"E",5,"succ",0,"b",0.013,0.00203625192770053,0.236340164608133,7.84394194237007
"137","wt","L",10,0.232164242867739,0.00647573853083092,0.995746370194411,7.55054624610419,0.593500050097089,"F2",0.993685923183474,"F",2,"succ",1,"c",0.015,0.00214509669194316,0.239151689483956,8.13235137960294
"138","wt","L",10,0.232164242867739,0.00647573853083092,0.995746370194411,7.55054624610419,0.593500050097089,"F5",0.99859226664287,"F",5,"succ",1,"c",0.014,0.00224033295601574,0.23616823085609,7.75901494910399
"139","wt","L",15,0.235509840865852,0.00438707277493342,0.996912092146477,10.5528685376304,0.534678679190701,"D2",0.99652364054756,"D",2,"succ",0,"a",0.013,0.00136525121826356,0.229884096510812,9.80324840769693
"140","wt","L",15,0.235509840865852,0.00438707277493342,0.996912092146477,10.5528685376304,0.534678679190701,"D5",0.995753631204447,"D",5,"succ",0,"a",0.016,0.00141973973030911,0.230415925685992,10.5119259822411
"141","wt","L",15,0.235509840865852,0.00438707277493342,0.996912092146477,10.5528685376304,0.534678679190701,"E2",0.998080769154675,"E",2,"succ",0,"b",0.014,0.0010559691157108,0.236545322469078,10.9264404988719
"142","wt","L",15,0.235509840865852,0.00438707277493342,0.996912092146477,10.5528685376304,0.534678679190701,"E5",0.997923866781605,"E",5,"succ",0,"b",0.015,0.00100003598376913,0.238841169139317,11.3381383441516
"143","wt","L",15,0.235509840865852,0.00438707277493342,0.996912092146477,10.5528685376304,0.534678679190701,"F2",0.995956663412442,"F",2,"succ",1,"c",0.013,0.00115338389695581,0.236913450610293,10.2241945760787
"144","wt","L",15,0.235509840865852,0.00438707277493342,0.996912092146477,10.5528685376304,0.534678679190701,"F5",0.997233981778133,"F",5,"succ",1,"c",0.013,0.00103763045012372,0.24045908077962,10.5132634167421
"145","wt","L",20,0.210912373924311,0.00965008924582163,0.995007733926581,13.3827963549657,0.669827591616008,"D2",0.984555666331579,"D",2,"succ",0,"a",0.026,0.00225754329731775,0.195540053099657,12.4977942566562
"146","wt","L",20,0.210912373924311,0.00965008924582163,0.995007733926581,13.3827963549657,0.669827591616008,"D5",0.99662277978593,"D",5,"succ",0,"a",0.029,0.00153771757745951,0.205356831184185,14.3019182199547
"147","wt","L",20,0.210912373924311,0.00965008924582163,0.995007733926581,13.3827963549657,0.669827591616008,"E2",0.996980489644828,"E",2,"succ",0,"b",0.02,0.00120126948076763,0.210939387843412,13.3325189005981
"148","wt","L",20,0.210912373924311,0.00965008924582163,0.995007733926581,13.3827963549657,0.669827591616008,"E5",0.997448028411728,"E",5,"succ",0,"b",0.023,0.0011785313080675,0.212200223473784,14.001989056454
"149","wt","L",20,0.210912373924311,0.00965008924582163,0.995007733926581,13.3827963549657,0.669827591616008,"F2",0.9966338202886,"F",2,"succ",1,"c",0.019,0.00111682461506,0.2192264536249,12.9270415993077
"150","wt","L",20,0.210912373924311,0.00965008924582163,0.995007733926581,13.3827963549657,0.669827591616008,"F5",0.997805619096821,"F",5,"succ",1,"c",0.02,0.0010561720632414,0.222211294319929,13.2355160968236
"151","wt","M",0,0.238520331205809,0.00720216387852779,0.99553783391335,5.68616859745777,0.605995525152083,"D3",0.993649175248355,"D",3,"succ",0,"a",0.02,0.00545940821302296,0.245806824481218,5.28216365963342
"152","wt","M",0,0.238520331205809,0.00720216387852779,0.99553783391335,5.68616859745777,0.605995525152083,"D6",0.993614423807297,"D",6,"succ",0,"a",0.021,0.00522009232283333,0.247826261999944,5.61686779433835
"153","wt","M",0,0.238520331205809,0.00720216387852779,0.99553783391335,5.68616859745777,0.605995525152083,"E3",0.994977834155358,"E",3,"succ",0,"b",0.019,0.00580927911281024,0.239276003877239,4.95236661331798
"154","wt","M",0,0.238520331205809,0.00720216387852779,0.99553783391335,5.68616859745777,0.605995525152083,"E6",0.994566199454963,"E",6,"succ",0,"b",0.027,0.00609295002167053,0.234093210746284,6.35945182949654
"155","wt","M",0,0.238520331205809,0.00720216387852779,0.99553783391335,5.68616859745777,0.605995525152083,"F3",0.998053223891568,"F",3,"succ",1,"c",0.021,0.00585656119921072,0.234889705224775,5.43642315543628
"156","wt","M",0,0.238520331205809,0.00720216387852779,0.99553783391335,5.68616859745777,0.605995525152083,"F6",0.998366146922561,"F",6,"succ",1,"c",0.027,0.00612745091469864,0.229229980905395,6.46973853252401
"157","wt","M",5,0.233613662490199,0.00681717124686654,0.994726102650516,6.42776084186133,0.769285050322311,"D3",0.990084331061333,"D",3,"succ",0,"a",0.013,0.00361521351790467,0.235659958954291,5.43069957597667
"158","wt","M",5,0.233613662490199,0.00681717124686654,0.994726102650516,6.42776084186133,0.769285050322311,"D6",0.9915141872578,"D",6,"succ",0,"a",0.016,0.00309194311459978,0.245257640901724,6.70229471035854
"159","wt","M",5,0.233613662490199,0.00681717124686654,0.994726102650516,6.42776084186133,0.769285050322311,"E3",0.994818441224749,"E",3,"succ",0,"b",0.014,0.00386674617540017,0.22964807247167,5.60267693053547
"160","wt","M",5,0.233613662490199,0.00681717124686654,0.994726102650516,6.42776084186133,0.769285050322311,"E6",0.998560602885862,"E",6,"succ",0,"b",0.018,0.00400409947011913,0.225147687454803,6.67585384089897
"161","wt","M",5,0.233613662490199,0.00681717124686654,0.994726102650516,6.42776084186133,0.769285050322311,"F3",0.997946265497693,"F",3,"succ",1,"c",0.018,0.00382671628005751,0.231499594833417,6.68841209721881
"162","wt","M",5,0.233613662490199,0.00681717124686654,0.994726102650516,6.42776084186133,0.769285050322311,"F6",0.995432787975657,"F",6,"succ",1,"c",0.021,0.00364672501907705,0.234469020325286,7.46662789617951
"163","wt","M",10,0.225668148073568,0.00349031712364366,0.997713576848361,8.0864081232519,0.367779723158937,"D3",0.995483004047738,"D",3,"succ",0,"a",0.015,0.00212491601985669,0.230131064382989,8.49219519674141
"164","wt","M",10,0.225668148073568,0.00349031712364366,0.997713576848361,8.0864081232519,0.367779723158937,"D6",0.997706886301664,"D",6,"succ",0,"a",0.014,0.00213859630173455,0.227977117383049,8.24165017584689
"165","wt","M",10,0.225668148073568,0.00349031712364366,0.997713576848361,8.0864081232519,0.367779723158937,"E3",0.998113855922114,"E",3,"succ",0,"b",0.015,0.00232065682180461,0.224047732932057,8.32947478746409
"166","wt","M",10,0.225668148073568,0.00349031712364366,0.997713576848361,8.0864081232519,0.367779723158937,"E6",0.998187021998093,"E",6,"succ",0,"b",0.015,0.00246907514919518,0.220163758722676,8.19483898972175
"167","wt","M",10,0.225668148073568,0.00349031712364366,0.997713576848361,8.0864081232519,0.367779723158937,"F3",0.998379132571907,"F",3,"succ",1,"c",0.013,0.0022930215649505,0.227001388310274,7.64347285211324
"168","wt","M",10,0.225668148073568,0.00349031712364366,0.997713576848361,8.0864081232519,0.367779723158937,"F6",0.99841156024865,"F",6,"succ",1,"c",0.013,0.00234795176381231,0.224687826710364,7.61681673762402
"169","wt","M",15,0.236199637867891,0.00314534935898773,0.997734399766349,12.4838041188861,1.0785748093086,"D3",0.996808053684517,"D",3,"succ",0,"a",0.022,0.000889668392498349,0.235132085065751,13.6431781772599
"170","wt","M",15,0.236199637867891,0.00314534935898773,0.997734399766349,12.4838041188861,1.0785748093086,"D6",0.996954515608885,"D",6,"succ",0,"a",0.023,0.000815544128572083,0.23830137921862,14.0133220083512
"171","wt","M",15,0.236199637867891,0.00314534935898773,0.997734399766349,12.4838041188861,1.0785748093086,"E3",0.998240493870411,"E",3,"succ",0,"b",0.016,0.000960093076458144,0.230379246326777,12.2116632104328
"172","wt","M",15,0.236199637867891,0.00314534935898773,0.997734399766349,12.4838041188861,1.0785748093086,"E6",0.9982576196853,"E",6,"succ",0,"b",0.012,0.000771406670514191,0.238964009826931,11.4847680943166
"173","wt","M",15,0.236199637867891,0.00314534935898773,0.997734399766349,12.4838041188861,1.0785748093086,"F3",0.997794187138487,"F",3,"succ",1,"c",0.014,0.000819769963433877,0.237626796628373,11.9422088769367
"174","wt","M",15,0.236199637867891,0.00314534935898773,0.997734399766349,12.4838041188861,1.0785748093086,"F6",0.998351528610491,"F",6,"succ",1,"c",0.013,0.000832198529375627,0.236794310140896,11.6076843460195
"175","wt","M",20,0.209866977480052,0.00459316353139369,0.994870860368587,16.3462352100306,0.868358547796151,"D3",0.989428870927236,"D",3,"succ",0,"a",0.03,0.00100911100780818,0.205546047319926,16.50300588565
"176","wt","M",20,0.209866977480052,0.00459316353139369,0.994870860368587,16.3462352100306,0.868358547796151,"D6",0.99627325154924,"D",6,"succ",0,"a",0.035,0.000974977952892089,0.204962977070234,17.4699281466855
"177","wt","M",20,0.209866977480052,0.00459316353139369,0.994870860368587,16.3462352100306,0.868358547796151,"E3",0.995821116720039,"E",3,"succ",0,"b",0.027,0.000776365034883087,0.210179911224548,16.8853878991347
"178","wt","M",20,0.209866977480052,0.00459316353139369,0.994870860368587,16.3462352100306,0.868358547796151,"E6",0.995426267129551,"E",6,"succ",0,"b",0.025,0.000780180077304333,0.209132964348803,16.5784784491994
"179","wt","M",20,0.209866977480052,0.00459316353139369,0.994870860368587,16.3462352100306,0.868358547796151,"F3",0.99491198682056,"F",3,"succ",1,"c",0.019,0.000698082866323343,0.217483424941683,15.1913022505406
"180","wt","M",20,0.209866977480052,0.00459316353139369,0.994870860368587,16.3462352100306,0.868358547796151,"F6",0.997363669064898,"F",6,"succ",1,"c",0.021,0.000795223075349811,0.211896539975116,15.4493086289734
